-- phpMyAdmin SQL Dump
-- version 5.0.4
-- https://www.phpmyadmin.net/
--
-- Počítač: localhost
-- Vytvořeno: Úte 02. zář 2025, 11:04
-- Verze serveru: 10.3.27-MariaDB
-- Verze PHP: 8.0.14

SET SQL_MODE = "NO_AUTO_VALUE_ON_ZERO";
START TRANSACTION;
SET time_zone = "+00:00";


/*!40101 SET @OLD_CHARACTER_SET_CLIENT=@@CHARACTER_SET_CLIENT */;
/*!40101 SET @OLD_CHARACTER_SET_RESULTS=@@CHARACTER_SET_RESULTS */;
/*!40101 SET @OLD_COLLATION_CONNECTION=@@COLLATION_CONNECTION */;
/*!40101 SET NAMES utf8mb4 */;

--
-- Databáze: `helpdesk`
--

-- --------------------------------------------------------

--
-- Struktura tabulky `league`
--

CREATE TABLE `league` (
  `id` int(11) NOT NULL,
  `name` varchar(255) COLLATE utf8mb4_czech_ci NOT NULL,
  `logo` varchar(255) COLLATE utf8mb4_czech_ci NOT NULL,
  `level` tinyint(4) NOT NULL,
  `created_at` int(11) NOT NULL,
  `updated_at` int(11) NOT NULL,
  `deleted_at` int(11) DEFAULT NULL
) ENGINE=InnoDB DEFAULT CHARSET=utf8mb4 COLLATE=utf8mb4_czech_ci;

--
-- Vypisuji data pro tabulku `league`
--

INSERT INTO `league` (`id`, `name`, `logo`, `level`, `created_at`, `updated_at`, `deleted_at`) VALUES
(1, 'Premier League', 'league-1.png', 1, 1750633029, 1750633029, NULL),
(2, 'Championship', 'league-2.png', 2, 1750633029, 1750633029, NULL),
(3, 'League One', 'league-3.png', 3, 1750633029, 1750633029, NULL),
(4, 'League Two', 'league-4.png', 4, 1750633029, 1750633029, NULL),
(24, 'First Division (- 91/92)', 'league-1.png', 1, 1750633143, 1750633143, NULL),
(25, 'First Division (- 03/04)', 'league-25.png', 2, 1750633143, 1750633143, NULL),
(26, 'Second Division (- 03/04)', 'league-26.png', 3, 1750633144, 1750633144, NULL);

-- --------------------------------------------------------

--
-- Struktura tabulky `league_season`
--

CREATE TABLE `league_season` (
  `id` int(11) NOT NULL,
  `id_league` int(11) NOT NULL,
  `id_season` int(11) NOT NULL,
  `created_at` int(11) NOT NULL,
  `updated_at` int(11) NOT NULL,
  `deleted_at` int(11) DEFAULT NULL
) ENGINE=InnoDB DEFAULT CHARSET=utf8mb4 COLLATE=utf8mb4_czech_ci;

--
-- Vypisuji data pro tabulku `league_season`
--

INSERT INTO `league_season` (`id`, `id_league`, `id_season`, `created_at`, `updated_at`, `deleted_at`) VALUES
(1, 1, 95, 1751130153, 1751149331, NULL),
(2, 1, 96, 1751130153, 1751200620, NULL),
(3, 1, 97, 1751130153, 1751200638, NULL),
(4, 1, 98, 1751130153, 1751201910, NULL),
(5, 1, 99, 1751130153, 1751201922, NULL),
(6, 1, 100, 1751130153, 1751201936, NULL),
(7, 1, 101, 1751130153, 1751201949, NULL),
(8, 1, 102, 1751130153, 1751201960, NULL),
(9, 1, 103, 1751130153, 1751201971, NULL),
(10, 1, 104, 1751130153, 1751201981, NULL),
(11, 1, 105, 1751130153, 1751201993, NULL),
(12, 1, 106, 1751130153, 1751202006, NULL),
(13, 1, 107, 1751130153, 1751202020, NULL),
(14, 1, 108, 1751130153, 1751202030, NULL),
(15, 1, 109, 1751130153, 1751202042, NULL),
(16, 1, 110, 1751130153, 1751202053, NULL),
(17, 1, 111, 1751130153, 1751202064, NULL),
(18, 1, 112, 1751130153, 1751202075, NULL),
(19, 1, 113, 1751130153, 1751202086, NULL),
(20, 1, 114, 1751130153, 1751202097, NULL),
(21, 1, 115, 1751130153, 1751202108, NULL),
(22, 1, 116, 1751130153, 1751202118, NULL),
(23, 1, 117, 1751130153, 1751202129, NULL),
(24, 1, 118, 1751130153, 1751202142, NULL),
(25, 1, 119, 1751130153, 1751202154, NULL),
(26, 1, 120, 1751130154, 1751202164, NULL),
(27, 1, 121, 1751130154, 1751202173, NULL),
(28, 1, 122, 1751130154, 1751202178, NULL),
(29, 1, 123, 1751130154, 1751202185, NULL),
(30, 1, 124, 1751130154, 1751202193, NULL),
(31, 1, 125, 1751130154, 1751210435, NULL),
(32, 1, 126, 1751130154, 1751210443, NULL),
(33, 1, 127, 1751130154, 1751210448, NULL),
(34, 1, 128, 1751130154, 1751210460, NULL),
(35, 2, 95, 1751130155, 1751149332, NULL),
(36, 2, 96, 1751130155, 1751200624, NULL),
(37, 2, 97, 1751130155, 1751200641, NULL),
(38, 2, 98, 1751130155, 1751201913, NULL),
(39, 2, 99, 1751130155, 1751201928, NULL),
(40, 2, 100, 1751130155, 1751201940, NULL),
(41, 2, 101, 1751130155, 1751201951, NULL),
(42, 2, 102, 1751130155, 1751201963, NULL),
(43, 2, 103, 1751130155, 1751201974, NULL),
(44, 2, 104, 1751130155, 1751201984, NULL),
(45, 2, 105, 1751130155, 1751201996, NULL),
(46, 2, 106, 1751130155, 1751202012, NULL),
(47, 2, 107, 1751130155, 1751202022, NULL),
(48, 2, 108, 1751130155, 1751202034, NULL),
(49, 2, 109, 1751130155, 1751202045, NULL),
(50, 2, 110, 1751130155, 1751202056, NULL),
(51, 2, 111, 1751130155, 1751202067, NULL),
(52, 2, 112, 1751130155, 1751202078, NULL),
(53, 2, 113, 1751130155, 1751202089, NULL),
(54, 2, 114, 1751130155, 1751202100, NULL),
(55, 2, 115, 1751130155, 1751202110, NULL),
(56, 2, 116, 1751130155, 1751202121, NULL),
(57, 3, 95, 1751130159, 1751149332, NULL),
(58, 3, 96, 1751130159, 1751200628, NULL),
(59, 3, 97, 1751130159, 1751200646, NULL),
(60, 3, 98, 1751130159, 1751201916, NULL),
(61, 3, 99, 1751130159, 1751201930, NULL),
(62, 3, 100, 1751130159, 1751201943, NULL),
(63, 3, 101, 1751130159, 1751201954, NULL),
(64, 3, 102, 1751130159, 1751201966, NULL),
(65, 3, 103, 1751130159, 1751201976, NULL),
(66, 3, 104, 1751130159, 1751201988, NULL),
(67, 3, 105, 1751130159, 1751201999, NULL),
(68, 3, 106, 1751130159, 1751202014, NULL),
(69, 3, 107, 1751130159, 1751202026, NULL),
(70, 3, 108, 1751130159, 1751202036, NULL),
(71, 3, 109, 1751130159, 1751202048, NULL),
(72, 3, 110, 1751130159, 1751202059, NULL),
(73, 3, 111, 1751130159, 1751202070, NULL),
(74, 3, 112, 1751130159, 1751202081, NULL),
(75, 3, 113, 1751130159, 1751202092, NULL),
(76, 3, 114, 1751130159, 1751202103, NULL),
(77, 3, 115, 1751130159, 1751202114, NULL),
(78, 3, 116, 1751130159, 1751202124, NULL),
(79, 4, 95, 1751130162, 1751149332, NULL),
(80, 4, 96, 1751130162, 1751200633, NULL),
(81, 4, 97, 1751130162, 1751201906, NULL),
(82, 4, 98, 1751130162, 1751201918, NULL),
(83, 4, 99, 1751130162, 1751201934, NULL),
(84, 4, 100, 1751130162, 1751201946, NULL),
(85, 4, 101, 1751130162, 1751201958, NULL),
(86, 4, 102, 1751130162, 1751201969, NULL),
(87, 4, 103, 1751130162, 1751201979, NULL),
(88, 4, 104, 1751130162, 1751201991, NULL),
(89, 4, 105, 1751130162, 1751202002, NULL),
(90, 4, 106, 1751130162, 1751202018, NULL),
(91, 4, 107, 1751130162, 1751202028, NULL),
(92, 4, 108, 1751130162, 1751202040, NULL),
(93, 4, 109, 1751130162, 1751202051, NULL),
(94, 4, 110, 1751130162, 1751202062, NULL),
(95, 4, 111, 1751130162, 1751202073, NULL),
(96, 4, 112, 1751130162, 1751202084, NULL),
(97, 4, 113, 1751130162, 1751202095, NULL),
(98, 4, 114, 1751130162, 1751202106, NULL),
(99, 4, 115, 1751130162, 1751202116, NULL),
(100, 4, 116, 1751130162, 1751202127, NULL),
(101, 4, 118, 1751130162, 1751202145, NULL),
(102, 24, 1, 1751130185, 1751199922, NULL),
(103, 24, 2, 1751130185, 1751199931, NULL),
(104, 24, 3, 1751130185, 1751199940, NULL),
(105, 24, 4, 1751130185, 1751199949, NULL),
(106, 24, 5, 1751130185, 1751199957, NULL),
(107, 24, 6, 1751130185, 1751199965, NULL),
(108, 24, 7, 1751130185, 1751199974, NULL),
(109, 24, 8, 1751130185, 1751199979, NULL),
(110, 24, 9, 1751130185, 1751199985, NULL),
(111, 24, 10, 1751130185, 1751199991, NULL),
(112, 24, 11, 1751130185, 1751199996, NULL),
(113, 24, 12, 1751130185, 1751200008, NULL),
(114, 24, 13, 1751130185, 1751200016, NULL),
(115, 24, 14, 1751130185, 1751200021, NULL),
(116, 24, 15, 1751130185, 1751200027, NULL),
(117, 24, 16, 1751130185, 1751200040, NULL),
(118, 24, 17, 1751130185, 1751200046, NULL),
(119, 24, 18, 1751130185, 1751200051, NULL),
(120, 24, 19, 1751130185, 1751200058, NULL),
(121, 24, 20, 1751130185, 1751200063, NULL),
(122, 24, 21, 1751130185, 1751200069, NULL),
(123, 24, 22, 1751130185, 1751200075, NULL),
(124, 24, 23, 1751130185, 1751200083, NULL),
(125, 24, 24, 1751130185, 1751200091, NULL),
(126, 24, 25, 1751130185, 1751200098, NULL),
(127, 24, 26, 1751130185, 1751200103, NULL),
(128, 24, 27, 1751130185, 1751200109, NULL),
(129, 24, 28, 1751130185, 1751200117, NULL),
(130, 24, 29, 1751130185, 1751200125, NULL),
(131, 24, 30, 1751130185, 1751200131, NULL),
(132, 24, 31, 1751130185, 1751200136, NULL),
(133, 24, 32, 1751130185, 1751200142, NULL),
(134, 24, 33, 1751130185, 1751200147, NULL),
(135, 24, 34, 1751130185, 1751200153, NULL),
(136, 24, 35, 1751130185, 1751200158, NULL),
(137, 24, 36, 1751130185, 1751200164, NULL),
(138, 24, 37, 1751130185, 1751200169, NULL),
(139, 24, 38, 1751130185, 1751200176, NULL),
(140, 24, 39, 1751130185, 1751200182, NULL),
(141, 24, 40, 1751130185, 1751200188, NULL),
(142, 24, 41, 1751130185, 1751200195, NULL),
(143, 24, 42, 1751130185, 1751200202, NULL),
(144, 24, 43, 1751130185, 1751200209, NULL),
(145, 24, 44, 1751130185, 1751200214, NULL),
(146, 24, 45, 1751130185, 1751200220, NULL),
(147, 24, 46, 1751130185, 1751200325, NULL),
(148, 24, 47, 1751130185, 1751200333, NULL),
(149, 24, 48, 1751130185, 1751200335, NULL),
(150, 24, 49, 1751130185, 1751200341, NULL),
(151, 24, 50, 1751130185, 1751200346, NULL),
(152, 24, 51, 1751130185, 1751200351, NULL),
(153, 24, 52, 1751130185, 1751200357, NULL),
(154, 24, 53, 1751130185, 1751200363, NULL),
(155, 24, 54, 1751130185, 1751200368, NULL),
(156, 24, 55, 1751130185, 1751200373, NULL),
(157, 24, 56, 1751130185, 1751200379, NULL),
(158, 24, 57, 1751130185, 1751200384, NULL),
(159, 24, 58, 1751130185, 1751200389, NULL),
(160, 24, 59, 1751130185, 1751200394, NULL),
(161, 24, 60, 1751130185, 1751200400, NULL),
(162, 24, 61, 1751130185, 1751200406, NULL),
(163, 24, 62, 1751130185, 1751200411, NULL),
(164, 24, 63, 1751130185, 1751200417, NULL),
(165, 24, 64, 1751130185, 1751200423, NULL),
(166, 24, 65, 1751130185, 1751200431, NULL),
(167, 24, 66, 1751130185, 1751200439, NULL),
(168, 24, 67, 1751130185, 1751200446, NULL),
(169, 24, 68, 1751130185, 1751200453, NULL),
(170, 24, 69, 1751130185, 1751200459, NULL),
(171, 24, 70, 1751130185, 1751200465, NULL),
(172, 24, 71, 1751130185, 1751200473, NULL),
(173, 24, 72, 1751130185, 1751200483, NULL),
(174, 24, 73, 1751130185, 1751200490, NULL),
(175, 24, 74, 1751130185, 1751200496, NULL),
(176, 24, 75, 1751130185, 1751200503, NULL),
(177, 24, 76, 1751130185, 1751200510, NULL),
(178, 24, 77, 1751130185, 1751200515, NULL),
(179, 24, 78, 1751130185, 1751200523, NULL),
(180, 24, 79, 1751130185, 1751200531, NULL),
(181, 24, 80, 1751130185, 1751200538, NULL),
(182, 24, 81, 1751130185, 1751200543, NULL),
(183, 24, 82, 1751130185, 1751200549, NULL),
(184, 24, 83, 1751130185, 1751200556, NULL),
(185, 24, 84, 1751130185, 1751200562, NULL),
(186, 24, 85, 1751130185, 1751200569, NULL),
(187, 24, 86, 1751130185, 1751200574, NULL),
(188, 24, 87, 1751130185, 1751200580, NULL),
(189, 24, 88, 1751130185, 1751200585, NULL),
(190, 24, 89, 1751130185, 1751200593, NULL),
(191, 24, 90, 1751130185, 1751200598, NULL),
(192, 24, 91, 1751130185, 1751200606, NULL),
(193, 24, 92, 1751130185, 1751200608, NULL),
(194, 24, 93, 1751130185, 1751200611, NULL),
(195, 24, 94, 1751130185, 1751200614, NULL),
(196, 25, 117, 1751130187, 1751202134, NULL),
(197, 25, 118, 1751130187, 1751202148, NULL),
(198, 25, 119, 1751130187, 1751202159, NULL),
(199, 25, 120, 1751130187, 1751202168, NULL),
(200, 25, 121, 1751130187, 1751202176, NULL),
(201, 25, 122, 1751130187, 1751202181, NULL),
(202, 25, 123, 1751130187, 1751202188, NULL),
(203, 25, 124, 1751130187, 1751202196, NULL),
(204, 25, 125, 1751130187, 1751210439, NULL),
(205, 25, 126, 1751130187, 1751210446, NULL),
(206, 25, 127, 1751130187, 1751210453, NULL),
(207, 25, 128, 1751130187, 1751210463, NULL),
(208, 25, 1, 1751130187, 1751199924, NULL),
(209, 25, 2, 1751130187, 1751199934, NULL),
(210, 25, 3, 1751130187, 1751199943, NULL),
(211, 25, 4, 1751130187, 1751199952, NULL),
(212, 25, 5, 1751130187, 1751199960, NULL),
(213, 25, 6, 1751130187, 1751199968, NULL),
(214, 25, 7, 1751130187, 1751199977, NULL),
(215, 25, 8, 1751130187, 1751199982, NULL),
(216, 25, 9, 1751130187, 1751199988, NULL),
(217, 25, 10, 1751130187, 1751199994, NULL),
(218, 25, 11, 1751130187, 1751199999, NULL),
(219, 25, 12, 1751130188, 1751200010, NULL),
(220, 25, 13, 1751130188, 1751200019, NULL),
(221, 25, 14, 1751130188, 1751200025, NULL),
(222, 25, 15, 1751130188, 1751200030, NULL),
(223, 25, 16, 1751130188, 1751200043, NULL),
(224, 25, 17, 1751130188, 1751200049, NULL),
(225, 25, 18, 1751130188, 1751200054, NULL),
(226, 25, 19, 1751130188, 1751200061, NULL),
(227, 25, 20, 1751130188, 1751200066, NULL),
(228, 25, 21, 1751130188, 1751200072, NULL),
(229, 25, 22, 1751130188, 1751200078, NULL),
(230, 25, 23, 1751130188, 1751200086, NULL),
(231, 25, 24, 1751130188, 1751200095, NULL),
(232, 25, 25, 1751130188, 1751200100, NULL),
(233, 25, 26, 1751130188, 1751200106, NULL),
(234, 25, 27, 1751130188, 1751200112, NULL),
(235, 25, 28, 1751130188, 1751200123, NULL),
(236, 25, 29, 1751130188, 1751200129, NULL),
(237, 25, 30, 1751130188, 1751200134, NULL),
(238, 25, 31, 1751130188, 1751200139, NULL),
(239, 25, 32, 1751130188, 1751200145, NULL),
(240, 25, 33, 1751130188, 1751200150, NULL),
(241, 25, 34, 1751130188, 1751200156, NULL),
(242, 25, 35, 1751130188, 1751200161, NULL),
(243, 25, 36, 1751130188, 1751200166, NULL),
(244, 25, 37, 1751130188, 1751200173, NULL),
(245, 25, 38, 1751130188, 1751200179, NULL),
(246, 25, 39, 1751130188, 1751200186, NULL),
(247, 25, 40, 1751130188, 1751200192, NULL),
(248, 25, 41, 1751130188, 1751200199, NULL),
(249, 25, 42, 1751130188, 1751200206, NULL),
(250, 25, 43, 1751130188, 1751200212, NULL),
(251, 25, 44, 1751130188, 1751200218, NULL),
(252, 25, 45, 1751130188, 1751200223, NULL),
(253, 25, 46, 1751130188, 1751200329, NULL),
(254, 25, 48, 1751130188, 1751200338, NULL),
(255, 25, 49, 1751130188, 1751200344, NULL),
(256, 25, 50, 1751130188, 1751200349, NULL),
(257, 25, 51, 1751130188, 1751200354, NULL),
(258, 25, 52, 1751130188, 1751200360, NULL),
(259, 25, 53, 1751130188, 1751200366, NULL),
(260, 25, 54, 1751130188, 1751200371, NULL),
(261, 25, 55, 1751130188, 1751200376, NULL),
(262, 25, 56, 1751130188, 1751200381, NULL),
(263, 25, 57, 1751130188, 1751200386, NULL),
(264, 25, 58, 1751130188, 1751200392, NULL),
(265, 25, 59, 1751130188, 1751200398, NULL),
(266, 25, 60, 1751130188, 1751200404, NULL),
(267, 25, 61, 1751130188, 1751200409, NULL),
(268, 25, 62, 1751130188, 1751200414, NULL),
(269, 25, 63, 1751130188, 1751200420, NULL),
(270, 25, 64, 1751130188, 1751200426, NULL),
(271, 25, 65, 1751130188, 1751200436, NULL),
(272, 25, 66, 1751130188, 1751200442, NULL),
(273, 25, 67, 1751130188, 1751200450, NULL),
(274, 25, 68, 1751130188, 1751200456, NULL),
(275, 25, 69, 1751130188, 1751200462, NULL),
(276, 25, 70, 1751130188, 1751200469, NULL),
(277, 25, 71, 1751130188, 1751200479, NULL),
(278, 25, 72, 1751130188, 1751200487, NULL),
(279, 25, 73, 1751130188, 1751200493, NULL),
(280, 25, 74, 1751130188, 1751200500, NULL),
(281, 25, 75, 1751130188, 1751200507, NULL),
(282, 25, 76, 1751130188, 1751200512, NULL),
(283, 25, 77, 1751130188, 1751200520, NULL),
(284, 25, 78, 1751130188, 1751200527, NULL),
(285, 25, 79, 1751130188, 1751200535, NULL),
(286, 25, 80, 1751130188, 1751200541, NULL),
(287, 25, 81, 1751130188, 1751200547, NULL),
(288, 25, 82, 1751130188, 1751200552, NULL),
(289, 25, 83, 1751130188, 1751200560, NULL),
(290, 25, 84, 1751130188, 1751200566, NULL),
(291, 25, 85, 1751130188, 1751200572, NULL),
(292, 25, 86, 1751130188, 1751200577, NULL),
(293, 25, 87, 1751130188, 1751200582, NULL),
(294, 25, 88, 1751130188, 1751200591, NULL),
(295, 25, 89, 1751130188, 1751200596, NULL),
(296, 25, 90, 1751130188, 1751200602, NULL),
(297, 26, 117, 1751130194, 1751202139, NULL),
(298, 26, 118, 1751130194, 1751202152, NULL),
(299, 26, 119, 1751130194, 1751202162, NULL),
(300, 26, 120, 1751130194, 1751202171, NULL),
(301, 26, 122, 1751130194, 1751202183, NULL),
(302, 26, 123, 1751130194, 1751202191, NULL),
(303, 26, 124, 1751130194, 1751210430, NULL),
(304, 26, 127, 1751130194, 1751210456, NULL),
(305, 26, 128, 1751130194, 1751210469, NULL),
(306, 26, 1, 1751130194, 1751199929, NULL),
(307, 26, 2, 1751130194, 1751199938, NULL),
(308, 26, 3, 1751130194, 1751199946, NULL),
(309, 26, 4, 1751130194, 1751199954, NULL),
(310, 26, 5, 1751130194, 1751199963, NULL),
(311, 26, 6, 1751130194, 1751199971, NULL),
(312, 26, 11, 1751130194, 1751200002, NULL),
(313, 26, 12, 1751130194, 1751200014, NULL),
(314, 26, 22, 1751130194, 1751200081, NULL),
(315, 26, 23, 1751130194, 1751200089, NULL);

-- --------------------------------------------------------

--
-- Struktura tabulky `season`
--

CREATE TABLE `season` (
  `id` int(11) NOT NULL,
  `start` int(11) NOT NULL,
  `finish` int(11) NOT NULL,
  `created_at` int(11) NOT NULL,
  `updated_at` int(11) NOT NULL,
  `deleted_at` int(11) DEFAULT NULL
) ENGINE=InnoDB DEFAULT CHARSET=utf8mb4 COLLATE=utf8mb4_czech_ci;

--
-- Vypisuji data pro tabulku `season`
--

INSERT INTO `season` (`id`, `start`, `finish`, `created_at`, `updated_at`, `deleted_at`) VALUES
(1, 1991, 1992, 1751064583, 1751064583, NULL),
(2, 1990, 1991, 1751064583, 1751064583, NULL),
(3, 1989, 1990, 1751064583, 1751064583, NULL),
(4, 1988, 1989, 1751064583, 1751064583, NULL),
(5, 1987, 1988, 1751064583, 1751064583, NULL),
(6, 1986, 1987, 1751064583, 1751064583, NULL),
(7, 1985, 1986, 1751064583, 1751064583, NULL),
(8, 1984, 1985, 1751064583, 1751064583, NULL),
(9, 1983, 1984, 1751064583, 1751064583, NULL),
(10, 1982, 1983, 1751064583, 1751064583, NULL),
(11, 1981, 1982, 1751064583, 1751064583, NULL),
(12, 1980, 1981, 1751064583, 1751064583, NULL),
(13, 1979, 1980, 1751064583, 1751064583, NULL),
(14, 1978, 1979, 1751064583, 1751064583, NULL),
(15, 1977, 1978, 1751064583, 1751064583, NULL),
(16, 1976, 1977, 1751064583, 1751064583, NULL),
(17, 1975, 1976, 1751064583, 1751064583, NULL),
(18, 1974, 1975, 1751064583, 1751064583, NULL),
(19, 1973, 1974, 1751064583, 1751064583, NULL),
(20, 1972, 1973, 1751064583, 1751064583, NULL),
(21, 1971, 1972, 1751064583, 1751064583, NULL),
(22, 1970, 1971, 1751064583, 1751064583, NULL),
(23, 1969, 1970, 1751064583, 1751064583, NULL),
(24, 1968, 1969, 1751064583, 1751064583, NULL),
(25, 1967, 1968, 1751064583, 1751064583, NULL),
(26, 1966, 1967, 1751064583, 1751064583, NULL),
(27, 1965, 1966, 1751064583, 1751064583, NULL),
(28, 1964, 1965, 1751064583, 1751064583, NULL),
(29, 1963, 1964, 1751064583, 1751064583, NULL),
(30, 1962, 1963, 1751064583, 1751064583, NULL),
(31, 1961, 1962, 1751064583, 1751064583, NULL),
(32, 1960, 1961, 1751064583, 1751064583, NULL),
(33, 1959, 1960, 1751064583, 1751064583, NULL),
(34, 1958, 1959, 1751064583, 1751064583, NULL),
(35, 1957, 1958, 1751064583, 1751064583, NULL),
(36, 1956, 1957, 1751064583, 1751064583, NULL),
(37, 1955, 1956, 1751064583, 1751064583, NULL),
(38, 1954, 1955, 1751064583, 1751064583, NULL),
(39, 1953, 1954, 1751064583, 1751064583, NULL),
(40, 1952, 1953, 1751064583, 1751064583, NULL),
(41, 1951, 1952, 1751064583, 1751064583, NULL),
(42, 1950, 1951, 1751064583, 1751064583, NULL),
(43, 1949, 1950, 1751064583, 1751064583, NULL),
(44, 1948, 1949, 1751064583, 1751064583, NULL),
(45, 1947, 1948, 1751064583, 1751064583, NULL),
(46, 1946, 1947, 1751064583, 1751064583, NULL),
(47, 1939, 1940, 1751064583, 1751064583, NULL),
(48, 1938, 1939, 1751064584, 1751064584, NULL),
(49, 1937, 1938, 1751064584, 1751064584, NULL),
(50, 1936, 1937, 1751064584, 1751064584, NULL),
(51, 1935, 1936, 1751064584, 1751064584, NULL),
(52, 1934, 1935, 1751064584, 1751064584, NULL),
(53, 1933, 1934, 1751064584, 1751064584, NULL),
(54, 1932, 1933, 1751064584, 1751064584, NULL),
(55, 1931, 1932, 1751064584, 1751064584, NULL),
(56, 1930, 1931, 1751064584, 1751064584, NULL),
(57, 1929, 1930, 1751064584, 1751064584, NULL),
(58, 1928, 1929, 1751064584, 1751064584, NULL),
(59, 1927, 1928, 1751064584, 1751064584, NULL),
(60, 1926, 1927, 1751064584, 1751064584, NULL),
(61, 1925, 1926, 1751064584, 1751064584, NULL),
(62, 1924, 1925, 1751064584, 1751064584, NULL),
(63, 1923, 1924, 1751064584, 1751064584, NULL),
(64, 1922, 1923, 1751064584, 1751064584, NULL),
(65, 1921, 1922, 1751064584, 1751064584, NULL),
(66, 1920, 1921, 1751064584, 1751064584, NULL),
(67, 1919, 1920, 1751064584, 1751064584, NULL),
(68, 1914, 1915, 1751064584, 1751064584, NULL),
(69, 1913, 1914, 1751064584, 1751064584, NULL),
(70, 1912, 1913, 1751064584, 1751064584, NULL),
(71, 1911, 1912, 1751064584, 1751064584, NULL),
(72, 1910, 1911, 1751064584, 1751064584, NULL),
(73, 1909, 1910, 1751064584, 1751064584, NULL),
(74, 1908, 1909, 1751064584, 1751064584, NULL),
(75, 1907, 1908, 1751064584, 1751064584, NULL),
(76, 1906, 1907, 1751064584, 1751064584, NULL),
(77, 1905, 1906, 1751064584, 1751064584, NULL),
(78, 1904, 1905, 1751064584, 1751064584, NULL),
(79, 1903, 1904, 1751064584, 1751064584, NULL),
(80, 1902, 1903, 1751064584, 1751064584, NULL),
(81, 1901, 1902, 1751064584, 1751064584, NULL),
(82, 1900, 1901, 1751064584, 1751064584, NULL),
(83, 1899, 1900, 1751064584, 1751064584, NULL),
(84, 1898, 1899, 1751064584, 1751064584, NULL),
(85, 1897, 1898, 1751064584, 1751064584, NULL),
(86, 1896, 1897, 1751064584, 1751064584, NULL),
(87, 1895, 1896, 1751064584, 1751064584, NULL),
(88, 1894, 1895, 1751064584, 1751064584, NULL),
(89, 1893, 1894, 1751064584, 1751064584, NULL),
(90, 1892, 1893, 1751064584, 1751064584, NULL),
(91, 1891, 1892, 1751064584, 1751064584, NULL),
(92, 1890, 1891, 1751064584, 1751064584, NULL),
(93, 1889, 1890, 1751064584, 1751064584, NULL),
(94, 1888, 1889, 1751064584, 1751064584, NULL),
(95, 2025, 2026, 1751118011, 1751118011, NULL),
(96, 2024, 2025, 1751118011, 1751118011, NULL),
(97, 2023, 2024, 1751118011, 1751118011, NULL),
(98, 2022, 2023, 1751118011, 1751118011, NULL),
(99, 2021, 2022, 1751118011, 1751118011, NULL),
(100, 2020, 2021, 1751118011, 1751118011, NULL),
(101, 2019, 2020, 1751118011, 1751118011, NULL),
(102, 2018, 2019, 1751118011, 1751118011, NULL),
(103, 2017, 2018, 1751118011, 1751118011, NULL),
(104, 2016, 2017, 1751118011, 1751118011, NULL),
(105, 2015, 2016, 1751118011, 1751118011, NULL),
(106, 2014, 2015, 1751118011, 1751118011, NULL),
(107, 2013, 2014, 1751118011, 1751118011, NULL),
(108, 2012, 2013, 1751118011, 1751118011, NULL),
(109, 2011, 2012, 1751118011, 1751118011, NULL),
(110, 2010, 2011, 1751118011, 1751118011, NULL),
(111, 2009, 2010, 1751118011, 1751118011, NULL),
(112, 2008, 2009, 1751118011, 1751118011, NULL),
(113, 2007, 2008, 1751118011, 1751118011, NULL),
(114, 2006, 2007, 1751118011, 1751118011, NULL),
(115, 2005, 2006, 1751118011, 1751118011, NULL),
(116, 2004, 2005, 1751118011, 1751118011, NULL),
(117, 2003, 2004, 1751118011, 1751118011, NULL),
(118, 2002, 2003, 1751118011, 1751118011, NULL),
(119, 2001, 2002, 1751118011, 1751118011, NULL),
(120, 2000, 2001, 1751118011, 1751118011, NULL),
(121, 1999, 2000, 1751118011, 1751118011, NULL),
(122, 1998, 1999, 1751118011, 1751118011, NULL),
(123, 1997, 1998, 1751118011, 1751118011, NULL),
(124, 1996, 1997, 1751118011, 1751118011, NULL),
(125, 1995, 1996, 1751118011, 1751118011, NULL),
(126, 1994, 1995, 1751118011, 1751118011, NULL),
(127, 1993, 1994, 1751118011, 1751118011, NULL),
(128, 1992, 1993, 1751118011, 1751118011, NULL);

--
-- Klíče pro exportované tabulky
--

--
-- Klíče pro tabulku `league`
--
ALTER TABLE `league`
  ADD PRIMARY KEY (`id`);

--
-- Klíče pro tabulku `league_season`
--
ALTER TABLE `league_season`
  ADD PRIMARY KEY (`id`),
  ADD KEY `id_league` (`id_league`),
  ADD KEY `id_season` (`id_season`);

--
-- Klíče pro tabulku `season`
--
ALTER TABLE `season`
  ADD PRIMARY KEY (`id`),
  ADD KEY `start` (`start`),
  ADD KEY `finish` (`finish`);

--
-- AUTO_INCREMENT pro tabulky
--

--
-- AUTO_INCREMENT pro tabulku `league`
--
ALTER TABLE `league`
  MODIFY `id` int(11) NOT NULL AUTO_INCREMENT, AUTO_INCREMENT=36;

--
-- AUTO_INCREMENT pro tabulku `league_season`
--
ALTER TABLE `league_season`
  MODIFY `id` int(11) NOT NULL AUTO_INCREMENT, AUTO_INCREMENT=316;

--
-- AUTO_INCREMENT pro tabulku `season`
--
ALTER TABLE `season`
  MODIFY `id` int(11) NOT NULL AUTO_INCREMENT, AUTO_INCREMENT=129;
COMMIT;

/*!40101 SET CHARACTER_SET_CLIENT=@OLD_CHARACTER_SET_CLIENT */;
/*!40101 SET CHARACTER_SET_RESULTS=@OLD_CHARACTER_SET_RESULTS */;
/*!40101 SET COLLATION_CONNECTION=@OLD_COLLATION_CONNECTION */;
